Chain Name,Hash,Status,Action,Token,Value,From,From Info,To,To Info
Polygon,0x0xcbedd6bdb027b958208a051f4ec4fc08006109d85c46864fd136994721327835,Success,0x7ff36ab5,polygon,,0xa3ee8334aa70d4fa1d9ba5871fc14319af120cf5,Address,0xa5e0829caced8ffdd4de3c43696c57f7d7a678ff,QuickSwap V2: Router
Polygon,0x0xcbedd6bdb027b958208a051f4ec4fc08006109d85c46864fd136994721327835,Success,0x7ff36ab5,ERC-20: USD Coin (PoS),,0x6e7a5fafcec6bb1e78bae2a1f0b612012bf14827,Address,0xa3ee8334aa70d4fa1d9ba5871fc14319af120cf5,Address
Polygon,0x0x36693755dcc541e92db21ee3d9591247198613c9b250aff5707fde37793e7e9f,Success,0x7ff36ab5,polygon,,0xa3ee8334aa70d4fa1d9ba5871fc14319af120cf5,Address,0xa5e0829caced8ffdd4de3c43696c57f7d7a678ff,QuickSwap V2: Router
Polygon,0x0x36693755dcc541e92db21ee3d9591247198613c9b250aff5707fde37793e7e9f,Success,0x7ff36ab5,ERC-20: USD Coin (PoS),,0x6e7a5fafcec6bb1e78bae2a1f0b612012bf14827,Address,0xa3ee8334aa70d4fa1d9ba5871fc14319af120cf5,Address
Polygon,0x0x6061d93320fd3b7c3266a86a01ab7c224bee188ed4078917d28e33f01a41fe65,Success,0x7ff36ab5,polygon,,0xa3ee8334aa70d4fa1d9ba5871fc14319af120cf5,Address,0xa5e0829caced8ffdd4de3c43696c57f7d7a678ff,QuickSwap V2: Router
Polygon,0x0x6061d93320fd3b7c3266a86a01ab7c224bee188ed4078917d28e33f01a41fe65,Success,0x7ff36ab5,ERC-20: USD Coin (PoS),,0x6e7a5fafcec6bb1e78bae2a1f0b612012bf14827,Address,0xa3ee8334aa70d4fa1d9ba5871fc14319af120cf5,Address
Polygon,0x0x70e7202a37dff34624bb40ee9e2bf97d8471722ed0e8c2573e578b266a51d631,Success,0x7ff36ab5,polygon,,0xa3ee8334aa70d4fa1d9ba5871fc14319af120cf5,Address,0xa5e0829caced8ffdd4de3c43696c57f7d7a678ff,QuickSwap V2: Router
Polygon,0x0x70e7202a37dff34624bb40ee9e2bf97d8471722ed0e8c2573e578b266a51d631,Success,0x7ff36ab5,ERC-20: USD Coin (PoS),,0x6e7a5fafcec6bb1e78bae2a1f0b612012bf14827,Address,0xa3ee8334aa70d4fa1d9ba5871fc14319af120cf5,Address
Polygon,0x0xa46d36554599bd9170242e51bf8ce2318394d43d4f065d2daa080baeb016fb35,Success,0x7ff36ab5,polygon,,0xa3ee8334aa70d4fa1d9ba5871fc14319af120cf5,Address,0xa5e0829caced8ffdd4de3c43696c57f7d7a678ff,QuickSwap V2: Router
Polygon,0x0xa46d36554599bd9170242e51bf8ce2318394d43d4f065d2daa080baeb016fb35,Success,0x7ff36ab5,ERC-20: USD Coin (PoS),,0x6e7a5fafcec6bb1e78bae2a1f0b612012bf14827,Address,0xa3ee8334aa70d4fa1d9ba5871fc14319af120cf5,Address
Polygon,0x0x664ee25c7725f8e06891ba4055940db20c1f16d3e7228a792c09d03415fd8aea,Success,0x7ff36ab5,polygon,,0xa3ee8334aa70d4fa1d9ba5871fc14319af120cf5,Address,0xa5e0829caced8ffdd4de3c43696c57f7d7a678ff,QuickSwap V2: Router
Polygon,0x0x664ee25c7725f8e06891ba4055940db20c1f16d3e7228a792c09d03415fd8aea,Success,0x7ff36ab5,ERC-20: USD Coin (PoS),,0x6e7a5fafcec6bb1e78bae2a1f0b612012bf14827,Address,0xa3ee8334aa70d4fa1d9ba5871fc14319af120cf5,Address
Polygon,0x0xb56a3d2b41d2782ca8bd173a24e387c1732635414702940284a1baf795a83d87,Success,0x7ff36ab5,polygon,,0xa3ee8334aa70d4fa1d9ba5871fc14319af120cf5,Address,0xa5e0829caced8ffdd4de3c43696c57f7d7a678ff,QuickSwap V2: Router
Polygon,0x0xb56a3d2b41d2782ca8bd173a24e387c1732635414702940284a1baf795a83d87,Success,0x7ff36ab5,ERC-20: USD Coin (PoS),,0x6e7a5fafcec6bb1e78bae2a1f0b612012bf14827,Address,0xa3ee8334aa70d4fa1d9ba5871fc14319af120cf5,Address
Polygon,0x0x3be548242b126f22fdf0872f9a3192ea5eb4654552b0dad0f9d51cf608a5d6d1,Success,0x7ff36ab5,polygon,,0xa3ee8334aa70d4fa1d9ba5871fc14319af120cf5,Address,0xa5e0829caced8ffdd4de3c43696c57f7d7a678ff,QuickSwap V2: Router
Polygon,0x0x3be548242b126f22fdf0872f9a3192ea5eb4654552b0dad0f9d51cf608a5d6d1,Success,0x7ff36ab5,ERC-20: USD Coin (PoS),,0x6e7a5fafcec6bb1e78bae2a1f0b612012bf14827,Address,0xa3ee8334aa70d4fa1d9ba5871fc14319af120cf5,Address
Polygon,0x0x36a25ca4970eee20b6125dd2f7ea734325a82095f2f2c89217540a666b91f83b,Success,0x7ff36ab5,polygon,,0xa3ee8334aa70d4fa1d9ba5871fc14319af120cf5,Address,0xa5e0829caced8ffdd4de3c43696c57f7d7a678ff,QuickSwap V2: Router
Polygon,0x0x36a25ca4970eee20b6125dd2f7ea734325a82095f2f2c89217540a666b91f83b,Success,0x7ff36ab5,ERC-20: USD Coin (PoS),,0x6e7a5fafcec6bb1e78bae2a1f0b612012bf14827,Address,0xa3ee8334aa70d4fa1d9ba5871fc14319af120cf5,Address
Polygon,0x0x57f0c751e0555ea556f958909a9c7e2e7481a101c7403194b93935db6d1e78f0,Success,0x7ff36ab5,polygon,,0xa3ee8334aa70d4fa1d9ba5871fc14319af120cf5,Address,0xa5e0829caced8ffdd4de3c43696c57f7d7a678ff,QuickSwap V2: Router
Polygon,0x0x57f0c751e0555ea556f958909a9c7e2e7481a101c7403194b93935db6d1e78f0,Success,0x7ff36ab5,ERC-20: USD Coin (PoS),,0x6e7a5fafcec6bb1e78bae2a1f0b612012bf14827,Address,0xa3ee8334aa70d4fa1d9ba5871fc14319af120cf5,Address
Polygon,0x0xaa1da035ddc5f9ff2c7ea239ea375c760ae412c72343119d687b8ce90eb177f9,Success,0x7ff36ab5,polygon,,0xa3ee8334aa70d4fa1d9ba5871fc14319af120cf5,Address,0xa5e0829caced8ffdd4de3c43696c57f7d7a678ff,QuickSwap V2: Router
Polygon,0x0xaa1da035ddc5f9ff2c7ea239ea375c760ae412c72343119d687b8ce90eb177f9,Success,0x7ff36ab5,ERC-20: USD Coin (PoS),,0x6e7a5fafcec6bb1e78bae2a1f0b612012bf14827,Address,0xa3ee8334aa70d4fa1d9ba5871fc14319af120cf5,Address
Polygon,0x0xee22d86f3e6ef90fb7040a2bc7321824489ee858a8ef65654d89d48484df25bb,Success,0x7ff36ab5,polygon,,0xa3ee8334aa70d4fa1d9ba5871fc14319af120cf5,Address,0xa5e0829caced8ffdd4de3c43696c57f7d7a678ff,QuickSwap V2: Router
Polygon,0x0xee22d86f3e6ef90fb7040a2bc7321824489ee858a8ef65654d89d48484df25bb,Success,0x7ff36ab5,ERC-20: (PoS) Wrapped BTC,,0xf6b87181bf250af082272e3f448ec3238746ce3d,Address,0xa3ee8334aa70d4fa1d9ba5871fc14319af120cf5,Address
Polygon,0x0xf9126c47879b8ce05eba35664ec70c0d9dee8a76686d10ce5ae25856816159e0,Success,0x7ff36ab5,polygon,,0xa3ee8334aa70d4fa1d9ba5871fc14319af120cf5,Address,0xa5e0829caced8ffdd4de3c43696c57f7d7a678ff,QuickSwap V2: Router
Polygon,0x0xf9126c47879b8ce05eba35664ec70c0d9dee8a76686d10ce5ae25856816159e0,Success,0x7ff36ab5,ERC-20: USD Coin (PoS),,0x6e7a5fafcec6bb1e78bae2a1f0b612012bf14827,Address,0xa3ee8334aa70d4fa1d9ba5871fc14319af120cf5,Address
Scroll,0x0xee54f770a309410372aeb7b0acec8490ea1f7e1e6210bc4ac3a6681932babf74,Success,0x729ad39e,ERC-1155: ,,0xc7b53946fe82431361805391e96a7d2e09b9f54c,Contract,0xa3ee8334aa70d4fa1d9ba5871fc14319af120cf5,Address
Polygon,0x0x202180f7f86f91aec8015012e4b213d6b29b0c81d42dde310c485cf641b8d5d2,Success,0x7ff36ab5,polygon,,0xa3ee8334aa70d4fa1d9ba5871fc14319af120cf5,Address,0xa5e0829caced8ffdd4de3c43696c57f7d7a678ff,QuickSwap V2: Router
Polygon,0x0x202180f7f86f91aec8015012e4b213d6b29b0c81d42dde310c485cf641b8d5d2,Success,0x7ff36ab5,ERC-20: USD Coin (PoS),,0x6e7a5fafcec6bb1e78bae2a1f0b612012bf14827,Address,0xa3ee8334aa70d4fa1d9ba5871fc14319af120cf5,Address
Polygon,0x0xea7579ec985a987fcc69cf4cf083cf7cf46c064b516c016980d5bb4ad70ca4e1,Success,0x7ff36ab5,polygon,,0xa3ee8334aa70d4fa1d9ba5871fc14319af120cf5,Address,0xa5e0829caced8ffdd4de3c43696c57f7d7a678ff,QuickSwap V2: Router
Polygon,0x0xea7579ec985a987fcc69cf4cf083cf7cf46c064b516c016980d5bb4ad70ca4e1,Success,0x7ff36ab5,ERC-20: USD Coin (PoS),,0x6e7a5fafcec6bb1e78bae2a1f0b612012bf14827,Address,0xa3ee8334aa70d4fa1d9ba5871fc14319af120cf5,Address
Polygon,0x0xb58ee7cc071abd34e58026150a190d79af687af419164b010910ad9236f6189f,Success,Transfer,polygon,,0x6321f9f02d9d56261c8c79131ae74d7b427ccaf5,Coinbase 47,0xa3ee8334aa70d4fa1d9ba5871fc14319af120cf5,Address
Ethereum,0x0x009058b224d4f2cd824ef6ca422caa06933e63624c73ac62f5fbfb35c0aec922,Success,0xca350aa6,ERC-20: Matic Token,,0xa9d1e08c7793af67e9d92fe308d5697fb81d3e43,Coinbase 10,0xa3ee8334aa70d4fa1d9ba5871fc14319af120cf5,Address
Polygon,0x0x8e8e12d5e6d9a368a9e5da56c45d672504279869f3e1a42a063f1ca6d4c97b44,Success,0x7ff36ab5,polygon,,0xa3ee8334aa70d4fa1d9ba5871fc14319af120cf5,Address,0xa5e0829caced8ffdd4de3c43696c57f7d7a678ff,QuickSwap V2: Router
Polygon,0x0x8e8e12d5e6d9a368a9e5da56c45d672504279869f3e1a42a063f1ca6d4c97b44,Success,0x7ff36ab5,ERC-20: USD Coin (PoS),,0x6e7a5fafcec6bb1e78bae2a1f0b612012bf14827,Address,0xa3ee8334aa70d4fa1d9ba5871fc14319af120cf5,Address
Polygon,0x0x36f489bbda113e6d041a4b7c2f2f253654a3568412f32ca2872cc9eb3479b6a7,Success,0x7ff36ab5,polygon,,0xa3ee8334aa70d4fa1d9ba5871fc14319af120cf5,Address,0xa5e0829caced8ffdd4de3c43696c57f7d7a678ff,QuickSwap V2: Router
Polygon,0x0x36f489bbda113e6d041a4b7c2f2f253654a3568412f32ca2872cc9eb3479b6a7,Success,0x7ff36ab5,ERC-20: USD Coin (PoS),,0x6e7a5fafcec6bb1e78bae2a1f0b612012bf14827,Address,0xa3ee8334aa70d4fa1d9ba5871fc14319af120cf5,Address
Polygon,0x0x43202b87c404ec3af09c8e038b20c51c9daf17d591fd3a68fc8e1389a67c3978,Success,0x7ff36ab5,polygon,,0xa3ee8334aa70d4fa1d9ba5871fc14319af120cf5,Address,0xa5e0829caced8ffdd4de3c43696c57f7d7a678ff,QuickSwap V2: Router
Polygon,0x0x43202b87c404ec3af09c8e038b20c51c9daf17d591fd3a68fc8e1389a67c3978,Success,0x7ff36ab5,ERC-20: USD Coin (PoS),,0x6e7a5fafcec6bb1e78bae2a1f0b612012bf14827,Address,0xa3ee8334aa70d4fa1d9ba5871fc14319af120cf5,Address
Polygon,0x0xa4e45e856a2a86a14e7222bded62644d7ff5d92477502bfebfbbf4adfcc9cc21,Success,0x7ff36ab5,polygon,,0xa3ee8334aa70d4fa1d9ba5871fc14319af120cf5,Address,0xa5e0829caced8ffdd4de3c43696c57f7d7a678ff,QuickSwap V2: Router
Polygon,0x0xa4e45e856a2a86a14e7222bded62644d7ff5d92477502bfebfbbf4adfcc9cc21,Success,0x7ff36ab5,ERC-20: USD Coin (PoS),,0x6e7a5fafcec6bb1e78bae2a1f0b612012bf14827,Address,0xa3ee8334aa70d4fa1d9ba5871fc14319af120cf5,Address
Polygon,0x0xefc8f9868808170c05d70e52056113dba0fa0aaac6519e41573d171710673717,Success,0x82454e3f,ERC-1155: 1,,0x3b69413b6dd99abb12b62c003de36bd691a0b7d5,Address,0xa3ee8334aa70d4fa1d9ba5871fc14319af120cf5,Address
Polygon,0x0x7acbc7942d26a3d1385ab2222e35fba4b67898767bd7f11461922dbf59aff20c,Success,0x7ff36ab5,polygon,,0xa3ee8334aa70d4fa1d9ba5871fc14319af120cf5,Address,0xa5e0829caced8ffdd4de3c43696c57f7d7a678ff,QuickSwap V2: Router
Polygon,0x0x7acbc7942d26a3d1385ab2222e35fba4b67898767bd7f11461922dbf59aff20c,Success,0x7ff36ab5,ERC-20: USD Coin (PoS),,0x6e7a5fafcec6bb1e78bae2a1f0b612012bf14827,Address,0xa3ee8334aa70d4fa1d9ba5871fc14319af120cf5,Address
Polygon,0x0x8f56fcb9f564cebe1141c8f9fd5b860dc2d133584d17ffd2ecd1371a7f9c5a49,Success,0x7ff36ab5,polygon,,0xa3ee8334aa70d4fa1d9ba5871fc14319af120cf5,Address,0xa5e0829caced8ffdd4de3c43696c57f7d7a678ff,QuickSwap V2: Router
Polygon,0x0x8f56fcb9f564cebe1141c8f9fd5b860dc2d133584d17ffd2ecd1371a7f9c5a49,Success,0x7ff36ab5,ERC-20: USD Coin (PoS),,0x6e7a5fafcec6bb1e78bae2a1f0b612012bf14827,Address,0xa3ee8334aa70d4fa1d9ba5871fc14319af120cf5,Address
Polygon,0x0x25a0b43b26d2d76f60a475ce7d90676d15eb8e06b3c6dc3a019e7c4fa54b7468,Success,0x7ff36ab5,polygon,,0xa3ee8334aa70d4fa1d9ba5871fc14319af120cf5,Address,0xa5e0829caced8ffdd4de3c43696c57f7d7a678ff,QuickSwap V2: Router
Polygon,0x0x25a0b43b26d2d76f60a475ce7d90676d15eb8e06b3c6dc3a019e7c4fa54b7468,Success,0x7ff36ab5,ERC-20: USD Coin (PoS),,0x6e7a5fafcec6bb1e78bae2a1f0b612012bf14827,Address,0xa3ee8334aa70d4fa1d9ba5871fc14319af120cf5,Address
Polygon,0x0x55bf03e2efff59743c842f695b54af39c4f960b79ef08539411c04ce0ce50657,Success,0x729ad39e,ERC-20: ✅$PAWS Token Distribution,,0xdf2140dee6b07ae495382bc1cd446f7b328f63e3,Polygon BabyDoge: PolyBabyDoge Token,0xa3ee8334aa70d4fa1d9ba5871fc14319af120cf5,Address
Scroll,0x0x3e3d4d3854d1c1316719fbc904e628ac5a275c7a0b13753112b0fab9ef321c8a,Success,0x729ad39e,ERC-1155: ,,0x1e77d4d8c553f8db39b421ea7ccb43a5b7aa0e26,Contract,0xa3ee8334aa70d4fa1d9ba5871fc14319af120cf5,Address
Polygon,0x0x563d1bb68e0004992646491dd1759aecb2a8a7799d62d68ef0d10baa7f0475db,Success,0x7ff36ab5,polygon,,0xa3ee8334aa70d4fa1d9ba5871fc14319af120cf5,Address,0xa5e0829caced8ffdd4de3c43696c57f7d7a678ff,QuickSwap V2: Router
Polygon,0x0x563d1bb68e0004992646491dd1759aecb2a8a7799d62d68ef0d10baa7f0475db,Success,0x7ff36ab5,ERC-20: USD Coin (PoS),,0x6e7a5fafcec6bb1e78bae2a1f0b612012bf14827,Address,0xa3ee8334aa70d4fa1d9ba5871fc14319af120cf5,Address
Base,0x0xb50ed5e011f448bd7391c3d17baa1325f4764df8fc1391ab41fad81ebdd1cbfb,Success,Airdrop,ERC-20: ✅$UЅDС TOKEN DISTRIBUTION,,0x833589fcd6edb6e08f4c7c32d4f71b54bda02913,Circle: USDC Token,0xa3ee8334aa70d4fa1d9ba5871fc14319af120cf5,Address
Polygon,0x0xf4b2be350c22ecbb80149dd4863a8549192d29d4974277d94a4ce997cb5ff325,Success,0x7ff36ab5,polygon,,0xa3ee8334aa70d4fa1d9ba5871fc14319af120cf5,Address,0xa5e0829caced8ffdd4de3c43696c57f7d7a678ff,QuickSwap V2: Router
Polygon,0x0xf4b2be350c22ecbb80149dd4863a8549192d29d4974277d94a4ce997cb5ff325,Success,0x7ff36ab5,ERC-20: USD Coin (PoS),,0x6e7a5fafcec6bb1e78bae2a1f0b612012bf14827,Address,0xa3ee8334aa70d4fa1d9ba5871fc14319af120cf5,Address
Scroll,0x0x7d03fbb731e9c38689fc254888022464b5725b492ed74b3b811180688e70bfd1,Success,0x729ad39e,ERC-1155: ,,0x47fda298f335fc234e9b048cdd9e66b3d263bdd4,Contract,0xa3ee8334aa70d4fa1d9ba5871fc14319af120cf5,Address
Scroll,0x0xcecbcf372a24e6a2ba208f38a61d29852b8e4f67931ff08d966dcdd5090b7e9a,Success,0x729ad39e,ERC-1155: ,,0x3a10aa6baf3a8a2c2a07e657400e9182c5bc6702,Contract,0xa3ee8334aa70d4fa1d9ba5871fc14319af120cf5,Address
Polygon,0x0x9d7b9b2216af83a35918dd684dd25ca0f019d8634fa5f52e0066352aeadcad87,Success,Transfer,polygon,,0x6321f9f02d9d56261c8c79131ae74d7b427ccaf5,Coinbase 47,0xa3ee8334aa70d4fa1d9ba5871fc14319af120cf5,Address
